Author,Number of Sounds
Clare,6.224137931034483
Smith,6.32258064516129
Wordsworth,5.118677042801556
